Path,Bytes,SHA256
.dockerignore,94,5B5093A47618C3BAB413C4BB21DABF67FC5375AD961D06E4AE3F4B6FF78E277C
config\localization.yaml,2830,656C469DC659C96907B873369E5EBDB39D9D7C205F970771AE324EA14E06D00E
data\maps\slam_current\map.pgm,71732,CE7CD7E0CC7F981720BBBD8D62EDBF475B5095354FC6E65511D447E644C7A475
data\maps\slam_current\map.yaml,182,D3B2EF91844E7F508FAFE0F57036FF4BDD0FF14DE7A8B2F40C883576A7424772
data\maps\slam_current\map_info.txt,98,FCA15EE5FBFBE1F869F688DFAEDEF2B8228511101815FEFE8F5C0FD6E45505E3
data\maps\slam_current\map_preview.png,654,B840A3B4DAF7D0B11B49AB9B00CB4675E76C804891C8F4FACA0A08B09874FD18
data\maps\slam_current\points.csv,840,722EE0837A77B132D21B53539ABC4600DBF1B1BECC47E403C7ECE43CAC79405D
data\maps\slam_current\points_overlay.png,1531,01F924E07DC0A98267BF1B1261B4F23D12B3E7EA2C0BAE4FBA8A7B895E9ECBB0
docker\Dockerfile,5948,21B0B349F1E2F44FF275FD6A2854E54A0A15E32E66F4223D1B3E680057B98BB0
docker\entrypoint.sh,1186,B8376FCE535C8D53A8B3BCD5BE877381E8AE32D6D2F0334C2D8CF3196BFD3F46
docker\install_overlay.sh,697,7524140BC0C5C10B3F32DFE724EF5B7B11BE3CB13445B00E817ABD680296865C
docker\overlay\amcl.launch,502,5BDF7895751BE0674E748D4ED455C1224E552999C75C2B3966C7B0043380422B
docker\overlay\gmapping.launch,2187,06D075E460F78F47869F2A1EE63594EA800B2D255F519EE504B204FEA94DBE10
docker\overlay\health_check.sh,948,CB9C0CADC7A98E8DFA7BCB2C74372292BE17F7D83742BF0CAEC40004FDE7D77D
docker\overlay\imu_bridge.py,1161,A7A5783B3AA27343C993530A5190A35C54E91647B55FEC5B8A0C2F7EC9831734
docker\overlay\inspection.rviz,2540,DF36C050D3FFA855B1776F1CEEBC187EF35C2956C4B3587FA431B3B3E60FED6E
docker\overlay\inspection_car.urdf,8130,A5434C3078B84D162CC39B148A8B60871880E7317D4075F13F6CD1FD38AA6BD2
docker\overlay\keyboard.sh,256,C2907E5F361FCF1568327A48F6363B9E8DB3C1D91B053C0A41749F96C1B09ED0
docker\overlay\laser_noise.py,1822,8A5FFEE6C287B06D6A8CD825119265A018661DEB28E5CA456DA1E3831DB4C1A5
docker\overlay\localization.launch,1724,C8D3B5AE8173EE52E519407AC7F3ECAEEE81DAB6018D9B52E7147FF8C6037DBE
docker\overlay\localization.yaml,2830,656C469DC659C96907B873369E5EBDB39D9D7C205F970771AE324EA14E06D00E
docker\overlay\mark_points.sh,248,8C1D3155722443024BE7F1A467BE70A07783407BCE21705ABCC05F67F7EA2A75
docker\overlay\navigation.launch,1618,736E87F3FD2BFF4908059C8B29DB521A926088017CFDC5A4E4394B2D645C5052
docker\overlay\README.md,2669,47E394F18F532335F2E7EA04AFEF7305A0D74CC8DFC932513E8C621C6350CEED
docker\overlay\reset_to_start.py,1906,DA4757240D8D3EECD0855074E2EBC472B09730AD797FC7199E5A4F8EF1522C79
docker\overlay\reset_to_start.sh,918,6116FF28D43029876F2F37B8388A4AF578128213FF605ED071EEE1753741C70B
docker\overlay\save_map.sh,372,BAD6BFBB103CD10E687057646CBFB5D82721D41B9AF4F57211A3C20890E7ADD2
docker\overlay\scan_in_map.py,2321,50D45F26B37E6F477286F101D967B24373022E0855E156EE6F88F645A6ECAD2E
docker\overlay\scan_match_localizer.py,10537,2019DA98939FE773286F4760EAFC67A9AFE67DB5F13DF28CBFCC975006E4067A
docker\overlay\simulation.launch,2119,DA0B3D5A66292373219E0691289D0122D5E6E1CA0D695A3CB698D88178EBC758
docker\overlay\smartcar_mapping.CMakeLists.txt,216,84094DD1EB1D8864CBC0EA03B8AB5D428A7BA6B96FEB4C2818D5426C4C8063BE
docker\overlay\smartcar_navigation.CMakeLists.txt,385,FC7AC83357D371AF92FC1269BDDD5A5B6522F12B3429497F82A64EC16DC7E11A
docker\overlay\start_gzclient.sh,293,B464580BB76FABA95FE097A2634515449CCA6AD974F68C493D2A4392BDE8290D
docker\overlay\start_localization.sh,609,DE6A4CE02739EE733BBB21833C9F01F102F9606B0B23D51F2AB34FD44017699B
docker\overlay\start_mapping.sh,661,F299D4593712957EFAFDF34B7277A4710223EB2390CC99301C247E5824E67615
docker\overlay\start_navigation.sh,628,27F95D9141CE549F52295EA0984454AF1A298263BF4E59ABA0FB0FCE0AAB0A65
docker\overlay\terminal_teleop.py,1801,2D8135DD3FDE22D1672CA353F352F051E648E0C1D12694A61D3DBADDF1943D96
docker\overlay\waypoint_marker.py,6663,384B6C0F5BCD716165E73B05B31CC88A4BB8175B1A37AEBD895043975823A99A
docker\overlay\waypoint_nav.py,15195,7A36CBA8D271C798866743B4FF1FA39D64C60A05BED98F1832EC8A0C60BB709E
docker-compose.yml,729,30CB81B9270BDC07D6378C684582609DD5C760ECFD93BC9547A211FE1BFB93B9
local_project\inspection_c\.gitignore,35,C824CED4CC17690BD754BBDCD3EA9940C480AC2FEB209968A04E666CF16F0CA1
local_project\inspection_c\build\main.obj,19477,410A5026D62B6DDBD8D04B58DAF0C3BE8E06C79564C44025D1C6D42052E51768
local_project\inspection_c\build\map_import.obj,16294,477E9C84803779C17B2DF6938EE40AD6DF8E7304B92F50298D71AD82F8F8C8A4
local_project\inspection_c\build\motion.obj,23682,E2057F62B1F615E35D1815DFD83A779C013FAC297AA61279DF7FAADEF76C036E
local_project\inspection_c\build\motion_tests.exe,209920,1F77EA5641FDDD83D1C18BEB7DC808578CF6987B161220C305AA1F157F57A413
local_project\inspection_c\build\motion_tests.obj,34855,CAFF0F79169813150AB966B4E324FE656AE7A5DE12D623E47E18C861FEC55DA1
local_project\inspection_c\build\planner.obj,9604,56CB07AC8F6B1522D634B5547E8F63238EBDEC40208CFBEF67A3F9363DDE81AC
local_project\inspection_c\build\planner_tests.exe,154112,58CA3DC7F073710F697951C64123274E2BC641AFA3BD70168A3622545A702D3D
local_project\inspection_c\build\session.obj,1118,48E48D1D1C2EA6857EBBAC6AE563C58FE5030764E72A975678AA25C25082779D
local_project\inspection_c\build\test_info.txt,89,E8615466C4DEBAA61115E10CEC4DD151E39F8A2E8F07D000129B04B107F419A0
local_project\inspection_c\build\test_points.csv,507,0E8C3373804152114C1597253CFDD40B94CFA6DB32D1BDDA82403C9D162CF44E
local_project\inspection_c\build\tests.obj,27218,DBC1F973555B0C99F420440F627EF25F53E849A044FA9B92B6DE1B20AC95A106
local_project\inspection_c\build.cmd,1177,9F07A6F1606B7E29931DF06346E3F2FE0E57356E0859EA660C2D4D398B5BB725
local_project\inspection_c\inspection_planner.exe,154112,447D5B17E6C1E89DC1ECD5B5C4AC357879340E4ADD4516227B7AEF46A99E1240
local_project\inspection_c\inspection_planner_v2.exe,154624,FB67C68F8D06100657DA71ECC128B7658EA10749A1B387BE3B97549A01244419
local_project\inspection_c\inspection_planner_v3.exe,155136,A3A46917FF088D069E9ABF609C97A219A56EC4F8D2DA8B3E6F8F7C091D897A00
local_project\inspection_c\inspection_planner_v4.exe,155136,99FF56E2675A65F0B65CFD1850D3DAE02F47E495237D01A7AE5D0CC67E30B257
local_project\inspection_c\inspection_planner_v5.exe,192000,016A812490FFFE640A253D9CEE5B196A085E09B89B801D0D5BD2E80B1858F4E1
local_project\inspection_c\inspection_planner_v6.exe,201728,6D702836477FEE4790A48377F86BE8417D0BF167432B8A326243DBE64D81EE63
local_project\inspection_c\main.c,6215,283D4B0C96E14F967950C7F702BA3082CD91098963B58AB4E40D1D7F19546BA6
local_project\inspection_c\map_import.c,5352,BD6EB45EE203254F1872CED96687532593E2797CAE5441C22B39D827D33CE087
local_project\inspection_c\map_info.txt,172,7C564DD1A9EA145D7621FCDC88E8D3A3DFBE549A4E3F32FCA5069BE226F8AFCA
local_project\inspection_c\motion.c,8260,55B04108FEBF996F7E4B429DDB80D1F27E106B517C0DAEEA39B9435A32AB81F3
local_project\inspection_c\motion.h,2257,F879DBAC7D3F72CC2E0C1F6A831F307A0DBBC2F07B156FFA55141946F3BBC3B4
local_project\inspection_c\motion_commands.jsonl,4862,175CB7AF73CE9BE187E6256F2763C7A41560CAEE1FD6F692BFE40C00211B15AD
local_project\inspection_c\MOTION_GUIDE.md,5989,014B8C3E1806060BFB3997DDEADF0F99D7B74895A028CB5DEA2F7EF11FEA52DD
local_project\inspection_c\motion_map.txt,570,BC08E589C0D70725EA2F9B95DCC8FFC87EB09424234536FB99B3CD1D2F217D6A
local_project\inspection_c\motion_tests.c,6381,DB18A8AE8AA7421AC40B8C1AA8109F596C868C191418D44CD7B2EA403FAC3E04
local_project\inspection_c\planner.c,6624,2FF69AA5E2084111E70E2D144F18A21D9D2311627A108E29F48136A8C1B5EA59
local_project\inspection_c\planner.h,1403,599256F674E36A45FE9EE300D2F32150D9C2FC931295ADB606C830BE058DBBF9
local_project\inspection_c\points.csv,535,9F0CFB3882946741A0489B9B9C2CD4AA53E56D09C84FBCB273F77BF435C35E09
local_project\inspection_c\README.md,6021,7D5EAAF1CAFDBD05487A32786232071E2CAA32FE57767058F448D3111B6C3BC1
local_project\inspection_c\ros1_interface\ExecuteMotion.action,759,407FD8352A0D9C698DDA88ED51725252442D76065512ED1290D5257A17E61D52
local_project\inspection_c\run.cmd,189,DFC0C5869F49FFED270506BEB4D16F6BB55F12203F21F2B10E178F7066ABDFC6
local_project\inspection_c\session.c,1065,7327BB1D4B4B62A44B12E15F64A8FAD16AE645907FB6FCCE439484966C309711
local_project\inspection_c\tests.c,6895,F947F65CA2B410DA4F1F88E2524EFFB22EA32FA0AB5A06978A7E81729B65E2B0
local_project\inspection_c\建图组点位数据交接说明.md,7427,C52E7C60BCA90321CD74BF4D7F98AADC35F3A91B6BE0D3BE8A1FD67B9F72C6C9
local_project\sim_workspace\config\simulation.json,1006,7E5D38A2479127C00945BC568AE256BED85899CBA8BDDDF323F73E4A695AEE2A
local_project\sim_workspace\generate.py,18340,707A2A331E8F49AAD55EE1163883CC7BA7128EF08E60F8805163FA40CAE79B2D
local_project\sim_workspace\inspection_core\main.c,6215,283D4B0C96E14F967950C7F702BA3082CD91098963B58AB4E40D1D7F19546BA6
local_project\sim_workspace\inspection_core\map_import.c,5352,BD6EB45EE203254F1872CED96687532593E2797CAE5441C22B39D827D33CE087
local_project\sim_workspace\inspection_core\motion.c,8260,55B04108FEBF996F7E4B429DDB80D1F27E106B517C0DAEEA39B9435A32AB81F3
local_project\sim_workspace\inspection_core\motion.h,2257,F879DBAC7D3F72CC2E0C1F6A831F307A0DBBC2F07B156FFA55141946F3BBC3B4
local_project\sim_workspace\inspection_core\motion_tests.c,6381,DB18A8AE8AA7421AC40B8C1AA8109F596C868C191418D44CD7B2EA403FAC3E04
local_project\sim_workspace\inspection_core\planner.c,6624,2FF69AA5E2084111E70E2D144F18A21D9D2311627A108E29F48136A8C1B5EA59
local_project\sim_workspace\inspection_core\planner.h,1403,599256F674E36A45FE9EE300D2F32150D9C2FC931295ADB606C830BE058DBBF9
local_project\sim_workspace\inspection_core\session.c,1065,7327BB1D4B4B62A44B12E15F64A8FAD16AE645907FB6FCCE439484966C309711
local_project\sim_workspace\inspection_core\tests.c,6895,F947F65CA2B410DA4F1F88E2524EFFB22EA32FA0AB5A06978A7E81729B65E2B0
local_project\sim_workspace\README.md,6070,79B1807D8BDC54CD93E5058C6529FFB638CFF41FFC4B7784937705B0CDDCF9D2
local_project\sim_workspace\smartcar_sim_source.tar.gz,30031,98B9EA0AB95D58109A6EF4A610F87471BFFF733BF8DC44C1CFEE533B65CDDEBB
local_project\sim_workspace\templates\ackermann_plugin.cpp,9939,DBA2EDBF313F1B45EDA720630BF76D2680B47DFE67D531F21EFA4214B22F75AB
local_project\sim_workspace\templates\preview.py,3143,F40749EA3EBCCACDE772E1EE37E84F44C189E99BF102FA921C07769B6F9A4BA1
local_project\sim_workspace\templates\run_sim.sh,1203,960D50D33A4D7CD3FC9C3737CDF841A6DFBAC5B64C9A1719F0E141680014715E
local_project\sim_workspace\templates\teleop.py,3269,411AC8B5BA9CBEE687FC176DD687C5A97E19633C34D8C0D8D4587715EFFB46C6
local_project\sim_workspace\templates\verify_sim.py,3499,E753382DC5ECF8A2D6E65123DED35A8C7D031EDBCE71BCE04429EFCB4203D22E
local_project\sim_workspace\verification\field-desktop.png,144169,5126B64298583AD2212CDB3AACB75ED700D9D2F218114044BA5AC68E4F22BAA6
local_project\sim_workspace\verification\lidar-screen.png,144837,4A8A24CEC48C016E0C02551B6AF14559E5559B830B0CD6195289E57F24E40DEC
local_project\sim_workspace\verification\motion-check.txt,567,E43D7789C4392C7D2CB0496ECF85A023D90F1D8B1C38B6EFCA5699756E686FA0
local_project\sim_workspace\verification\RESULTS.md,1749,0826931DC0278C205A5E34CFD972D9958C81560AC97E558877FE8687C0B89BDF
local_project\vm_setup\fix_rviz_display.py,881,3F16E8ACB6A17400B3E01C9542CA2742CBFC54F96C9918EA5E0E8C06A32108BD
local_project\vm_setup\install_kinetic.sh,3449,1BA8EF87DEA7659B5A6E9605F8D76EFA821C59B03FA54EF843C27360425A321A
local_project\vm_setup\smoke.world,826,821AD2FAB7973B4D195F46AA4908A60ACA3AB9EFC45BD1BFD266669F7D207838
reference_docs\COMMAND_GUIDE.md,2526,83DA7F932BD2D0DD415DE667E7D4CF8014205178623DEF263EAFD7FADCD3E90C
reference_docs\WORKSPACE_GUIDE.md,3009,B0280830CA1A70E8A2AD79BC60FD8FFB004D85E7C2E4E267F69CA659C5832270
reference_docs\实车控制与建图命令.md,15256,AAE8019878B6511E359F6599E3B962809DF5D90507F5BCF33841CAE13B8CE7C4
reference_docs\推荐车型参数.png,258000,B311C816D6952C54FAAD56ACFCCE08F45FA1E9CB31EA7631FD40F79C441E89EF
reference_docs\比赛场地图.png,28640,FF62B73BF590A4176DB7F5BBDC5D1E607D9D93E12BA567E41B3B17BB126EBD2E
restore_workspace.sh,1840,954A1691600B76C845C6EE30E1509F64368518EE97E92D8D10C50BA22A84C288
scripts\reset-to-start.sh,209,33193091CD4D29CE6EE02DF03D2789F1E27806009F96A06283307DD6EA7611BB
scripts\restart-localization.sh,96,D819BBD302182E4128D30F68DE6610118BD931814C0B7258D7A33E46936D9A6B
scripts\run-docker.sh,214,969A729ED67755C1DA450D56D41F8C8536DF6988F77E547A84396E0FFBCA2EFE
scripts\run-gui.sh,90,8599F0FB5A9CB02FF0280A25EC3F5134514EACE30F9323A39DB3A81265F340CA
scripts\save-map.sh,92,B9397396E56B05F6D1A8C1D7EF541FC66B1E0490DA1A3A955DFA3B70EE8AB08C
scripts\smartcar.sh,2002,EEE15FF7F04D3A8B67A0FE3FDBEB5AF0678F60ABE82A42994F17AEDC1818B315
scripts\start-localization.sh,96,D819BBD302182E4128D30F68DE6610118BD931814C0B7258D7A33E46936D9A6B
scripts\start-mapping.sh,91,24862F7AE423041FAA59769B203EA00365177C2A0805DF687B8910B8ED78E6C7
tests\test_terminal_teleop.py,2673,67C5201B5CF18A937B5A0059598C355F758E9C8F95E28FDCEFEE1F8F00BA0598
vm_backup\apt_configuration.tar.gz,2405,81332E9FA998698528B13DE7003EE9A37E5DB18D2B3DACC968CD5A007CAA068D
vm_backup\installed_packages.tsv,96477,2D938A1CE3BDA59C5932B5B8B2841E7C31852EC54E73E195B4F915C199715DCA
vm_backup\SHA256SUMS,450,566770DF4DBEE22139909304A710FC0F81C03A67C3CDCCB07B2252661953CBBC
vm_backup\smartcar_2026_ws_source.tar.gz,33542,71FC40F1A25DF70A937E039F7BB3D20B8AF8024E4FF3D8BBF433C5343DBFFE7D
vm_backup\system_info.txt,423,6F321F7898529CAA315D9DC98B501E212F48A8FD1EB81785A2A63D3F17F2B39F
vm_backup\vm_setup_and_logs.tar.gz,434707,73B98B256C104FF235A40D71FC664C964F386009E098999FBA6965E98F57935B
交接说明.md,10665,09275EF398D70FD84A60B9AFA32F172009DD3AA11FA1041C2E1EABC1C4CFF0F5
使用指南_Linux_Docker.md,7007,858B1DBC8E8E2AFC98193B20A440464A90A644301D07056023527D7EB4D4B082
使用方法.txt,295,8AA41F3E87D80B23BBDDA96FEADF44619B1C08E8AC236536EADD43211810AE88
先读我_迁移与使用说明.md,295,8AA41F3E87D80B23BBDDA96FEADF44619B1C08E8AC236536EADD43211810AE88
定位试验记录.md,5291,20AFA8D63EB90570DB3D717CAFC465F2571E1CFBD395F6FFB773328162CC4ECD
导航交接_先读.md,2249,3EAB07790646FE7D9F541B845C017C945172CA1939FBA2F57D06CBBD46E2B109
导航实施方案_阿克曼多次换向与巡检分阶段.md,51437,42486E13AD9152E509375A86574051294400BAA62A0334CCDB3084067433445D
恢复验证日志.txt,7524,74F4793F3E4E1B468C1D0C49C0899BC92C4DDD2088830C397470BC958593D135
方案重构与实施规范_外侧墙锚定定位.md,63737,AD2E0D79977A89E3DCE172EAC19E73CC5614C8D8026B2BE037C8EB6DBA8BAA0D
维护结果_20260921.md,1396,E85A83E38F8D51FCDD823E6E8AB5162D1D60B2BC04E9288EE01A6D49DD3E4E31
进度记录_20260916.md,2844,F9C2D4085047C1B61AFFF7A4094516A37441192C7F9F82155485E05AE0AF726F
