point_id,x,y
col1_top_entry,-1.960000,2.800000
col1_bottom_entry,-1.960000,-2.800000
col2_top_entry,-0.980000,2.800000
col2_bottom_entry,-0.980000,-2.800000
col3_top_entry,0.000000,2.800000
col3_bottom_entry,0.000000,-2.800000
col4_top_entry,0.980000,2.800000
col4_bottom_entry,0.980000,-2.800000
col5_top_entry,1.960000,2.800000
col5_bottom_entry,1.960000,-2.800000
inspect_1,-1.960000,1.050000
inspect_2,-1.960000,-1.050000
inspect_3,-0.980000,1.050000
inspect_4,-0.980000,-1.050000
inspect_5,0.000000,1.050000
inspect_6,0.000000,-1.050000
inspect_7,0.980000,1.050000
inspect_8,0.980000,-1.050000
inspect_9,1.960000,1.050000
inspect_10,1.960000,-1.050000
outer_left_top,-3.550000,2.800000
outer_left_bottom,-3.550000,-2.800000
outer_right_top,3.550000,2.800000
outer_right_bottom,3.550000,-2.800000
start,3.550000,2.800000
end,3.550000,-2.800000
